id	source	target
scene-tmp-00001	LOAD	載入
scene-tmp-00002	Options	選項
scene-tmp-00003	New Game	新遊戲
scene-tmp-00004	START STORY	開始故事
scene-tmp-00005	Exit	退出
scene-tmp-00006	Version	版本
scene-tmp-00007	Continue	繼續
scene-tmp-00008	Title	標題
scene-tmp-00009	Credits	製作名單
scene-tmp-00011	Password	密碼
scene-tmp-00013	Enter game name...	輸入遊戲名稱...
scene-tmp-00014	SAVING...	儲存中...
scene-tmp-00016	Level up by earning XP to unlock rewards and story points. 

Gain XP through completing actions and achievements in the game.	透過獲得經驗值來升級，以解鎖獎勵和故事點數。

透過完成遊戲中的行動和成就來獲得經驗值。
scene-tmp-00018	Campaign 1	戰役 1
scene-tmp-00019	Co-Published by Fellow Traveller	由 Fellow Traveller 聯合發行
scene-tmp-00021	Store	商店
scene-tmp-00024	By using this service you agree to the Torpor Games
<link="https://www.torporgames.com/terms-of-service"><color=#D9D6D6><u>Terms of Service</color></u></link> and <link="https://www.torporgames.com/privacy-policy"><color=#D9D6D6><u>Privacy Policy</color></u></link>	使用本服務即表示您同意 Torpor Games 的
<link="https://www.torporgames.com/terms-of-service"><color=#D9D6D6><u>服務條款</color></u></link>與<link="https://www.torporgames.com/privacy-policy"><color=#D9D6D6><u>隱私權政策</color></u></link>
scene-tmp-00026	Christopher Priestly	克里斯多福·普里斯特利
scene-tmp-00027	Ministry of Design, Writing and 
Visual Arts	部設計、寫作與
視覺藝術
scene-tmp-00028	Ame Brillantes	艾米·布里蘭特斯
scene-tmp-00030	St Daniel of PanContanan Church	潘康塔納人聖丹尼爾教堂
scene-tmp-00031	Jeppe Kjærgaard	傑佩·凱爾加德
scene-tmp-00032	Confirm	確認
scene-tmp-00033	Reward in 5s	5秒後獲得獎勵
scene-tmp-00034	Collections	收藏
scene-tmp-00035	Mridul Kashatria	姆里杜爾·卡沙特里亞
scene-tmp-00036	Main Menu	主選單
scene-tmp-00037	profile name	個人檔案名稱
scene-tmp-00038	Link Account with Email	連結電子郵件帳號
scene-tmp-00039	Debug Text:	除錯文字：
scene-tmp-00040	Omer Yentur	奧默·延圖爾
scene-tmp-00041	Mitchel Crama	米切爾·克拉馬
scene-tmp-00042	Niels Runge	尼爾斯·倫格
scene-tmp-00043	Jamie Nikolovski	傑米·尼科洛夫斯基
scene-tmp-00044	CHRIS WRIGHT	克里斯·萊特
scene-tmp-00045	Influence 4Influence 4Influence 4Influence 4Influence 4Influence 4	影響力 4影響力 4影響力 4影響力 4影響力 4影響力 4
scene-tmp-00046	Incorrect email or password.	電子郵件或密碼錯誤。
scene-tmp-00047	Anton Rayne has been elected the 4th President of Sordland amidst a deep recession, demands for reform and external pressures. 

As the United Sordland Party's candidate in 1954, he inherits a nation at a crucial turning point in its history.	安東·雷恩在經濟嚴重衰退、改革呼聲高漲以及外部壓力之下，當選為第4任蘇德蘭總統。

作為1954年蘇德蘭團結黨的候選人，他接手了一個正處於歷史關鍵轉折點的國家。
scene-tmp-00048	Mesquita Lima	梅斯基塔·利馬
scene-tmp-00049	email	電子郵件
scene-tmp-00050	Typewriter	打字機
scene-tmp-00051	Burg_er	漢堡
scene-tmp-00052	Owned	已擁有
scene-tmp-00053	AFFILIATION:	隸屬關係：
scene-tmp-00054	Templin Institute	坦普林研究所
scene-tmp-00056	Ministry of Production	部生產部
scene-tmp-00057	Latest News	最新消息
scene-tmp-00058	Delete Personal Data	刪除個人資料
scene-tmp-00059	CAP REACHED	已達上限
scene-tmp-00060	4th President of Sordland	第四屆蘇德蘭總統
scene-tmp-00061	Story Points	劇情點數
scene-tmp-00063	E-mail is required.	電子郵件為必填項。
scene-tmp-00065	Ministry of Visual Arts	部視覺藝術部
scene-tmp-00067	Decline	拒絕
scene-tmp-00068	Log Out	登出
scene-tmp-00069	Ministry of Foreign Affairs	部外交部
scene-tmp-00071	Vice President:	副總統：
scene-tmp-00072	Special Thanks	特別鳴謝
scene-tmp-00073	Malenyevist	馬列尼耶夫主義者
scene-tmp-00074	Petr Vectern	彼得·維克特
scene-tmp-00075	<size=19>(Press)</size> Gamepad Menu	<size=19>（按鍵）</size> 遊戲手把選單
scene-tmp-00076	Fiona Murray	菲奧娜·穆雷
scene-tmp-00077	"Neo Sollist"	「新 索爾主義者」
scene-tmp-00078	Congratulations. You've unlocked the daily reward for today.


Keep up the good work.	恭喜。您已解鎖今日的每日獎勵。


繼續保持！
scene-tmp-00079	END	結束
scene-tmp-00080	Anett Jenichen	安內特·詹伊琴
scene-tmp-00081	Ryan Seville	瑞安·塞維爾
scene-tmp-00082	Ministry of Technology and 
Quality Assurance	技術與品質保證 部
scene-tmp-00083	Andy Sum	安迪·薩姆
scene-tmp-00085	ARCASIAN CAPITALISM	阿卡西亞資本主義
scene-tmp-00086	Continue with Apple	使用 Apple 繼續
scene-tmp-00087	Are you sure you want to delete Torpor Games Account?
You will lose your game backups and any associated data.	您確定要刪除 Torpor Games 帳號嗎？
您將會遺失您的遊戲備份及任何相關資料。
scene-tmp-00088	Clementine Laffont	克萊門汀·拉豐
scene-tmp-00089	Production	製作
scene-tmp-00090	Ilke Karademir	伊爾克·卡拉德米爾
scene-tmp-00091	Sordland	蘇德蘭
scene-tmp-00092	Post-processing	後製處理
scene-tmp-00093	Profile Name is required.	必須輸入個人檔案名稱。
scene-tmp-00094	United Sordland Party	蘇德蘭團結黨
scene-tmp-00095	In Memory Of	紀念
scene-tmp-00096	Vihan Yalamanchili	維漢·亞拉曼奇利
scene-tmp-00097	Ekin Keserer	埃金·凱塞雷爾
scene-tmp-00098	Bundles	組合包
scene-tmp-00099	Ministry of Propaganda and
Society	宣傳與社會 部
scene-tmp-00100	Sordland	蘇德蘭
scene-tmp-00102	Load Archetype	載入原型
scene-tmp-00106	Regionalist, Pragmatic, Man of the People	區域主義者、務實派、人民之人
scene-tmp-00108	Managing Director	執行董事
scene-tmp-00109	Eastern Merkopa Bundle	東默科帕 組合包
scene-tmp-00110	Ministry of Design and Quality 
Assurance	部 設計與品質保證部
scene-tmp-00111	Ministry of Music, Sound and 
Writing	部 音樂、音效與
編劇部
scene-tmp-00113	Operations	營運
scene-tmp-00114	Experience	經驗
scene-tmp-00117	Map Switch/Open Login Page	地圖切換/開啟登入頁面
scene-tmp-00119	Resolution	解析度
scene-tmp-00120	Marketing Manager	行銷經理
scene-tmp-00121	Ministry of Writing and 
Visual Arts	部 編劇與
視覺藝術部
scene-tmp-00122	Marketing Coordinator	行銷協調員
scene-tmp-00123	RECENT ACTIVITY	近期活動
scene-tmp-00124	Reconnect	重新連線
scene-tmp-00125	Funded with the assistance of 
The Treasure Hunters FanClub	由尋寶者粉絲俱樂部協助資助
scene-tmp-00127	Welcome to Suzerain	歡迎來到《Suzerain》
scene-tmp-00128	Torpor Mode	Torpor 模式
scene-tmp-00130	New E-Mail Address	新電子郵件地址
scene-tmp-00131	Font Size	字體大小
scene-tmp-00132	Version:	版本：
scene-tmp-00133	Gift Codes	禮物代碼
scene-tmp-00134	Delete Torpor Account	刪除 Torpor 帳號
scene-tmp-00135	Ministry of Technology	部 技術
scene-tmp-00137	Edit Email	編輯電子郵件
scene-tmp-00138	Forgot Password?	忘記密碼？
scene-tmp-00140	Data Collection

This game collects gameplay data through Torpor Games' analytics service, A/B testing and service providers. The information gathered will aid us in enhancing game balance for a better game experience. For further information see the Torpor Games Privacy Policy.	數據收集

本遊戲透過 Torpor Games 的分析服務、A/B 測試及服務供應商收集遊戲數據。所收集的資訊將協助我們改善遊戲平衡，以提供更好的遊戲體驗。欲知詳情，請參閱 Torpor Games 隱私權政策。
scene-tmp-00142	Voluntary Community Testers	志願社群測試人員
scene-tmp-00144	FC ANRICA CUP	安瑞卡盃 (FC ANRICA CUP)
scene-tmp-00146	Influence 4	影響力 4
scene-tmp-00147	Skip Read Dialogue Text	跳過已讀對話
scene-tmp-00148	Business Manager	商務經理
scene-tmp-00149	Account Settings	帳號設定
scene-tmp-00150	Reward:	獎勵：
scene-tmp-00151	Re-Enter Password	重新輸入密碼
scene-tmp-00152	Choose Your Own	自行選擇
scene-tmp-00153	V Sync	垂直同步
scene-tmp-00154	Cancel	取消
scene-tmp-00156	Achievement Unlocked!	成就解鎖！
scene-tmp-00157	User Testing	用戶測試
scene-tmp-00159	This mode disables manual saving and enables achievements. You can only turn it off after completing the story once.	此模式會停用手動存檔並啟用成就。你只能在完成一次故事後將其關閉。
scene-tmp-00160	Production Manager	製作經理
scene-tmp-00161	Set Password	設定密碼
scene-tmp-00162	128h	128小時
scene-tmp-00163	Marketing	行銷
scene-tmp-00165	Link Account	連結帳號
scene-tmp-00167	Anti-Aliasing	反鋸齒
scene-tmp-00169	Info	資訊
scene-tmp-00172	World Map - 01.12.2023 19:58	世界地圖 - 2023年12月1日 19:58
scene-tmp-00173	Login	登入
scene-tmp-00174	Torpor Games Privacy Policy	Torpor Games 隱私權政策
scene-tmp-00175	Not Enough Story Points	故事點數不足
scene-tmp-00176	Fernando Rizo	費爾南多·里佐
scene-tmp-00177	Select	選擇
scene-tmp-00178	STORY POINTS	故事點數
scene-tmp-00179	Target FPS	目標幀率
scene-tmp-00180	Aarón J. Morales	亞倫·J·莫拉萊斯
scene-tmp-00181	LEGISLATIVE REPRESENTATIVE	立法代表
scene-tmp-00182	New Game Name	新遊戲名稱
scene-tmp-00183	A charismatic leader who's promising grand reforms.
He navigates between Sollist traditions and populist reforms.	一位承諾進行重大改革的魅力型領導人。
他在 索爾主義者 傳統與民粹主義改革之間遊走。
scene-tmp-00184	Danielle Allum	丹妮爾·阿勒姆
scene-tmp-00185	Suzanne Wallace	蘇珊·華萊士
scene-tmp-00187	GAMEPAD CONTROLS	手把控制
scene-tmp-00188	Anton Rayne	安東·雷恩
scene-tmp-00189	Grimaldus	格里馬爾杜斯
scene-tmp-00190	Password is required.	需要密碼。
scene-tmp-00191	Titas Serpenskas	提塔斯·塞彭斯卡斯
scene-tmp-00192	Minimize/Unminimize/
Open Profile Page	最小化/取消最小化/
開啟個人資料頁面
scene-tmp-00193	Finish	完成
scene-tmp-00194	Stephen Gray	史蒂芬·格雷
scene-tmp-00195	Save file uploaded.	存檔已上傳。
scene-tmp-00196	Torpor Account Login	Torpor 帳號登入
scene-tmp-00198	Torpor Account	Torpor 帳號
scene-tmp-00199	Enter a valid e-mail address.	請輸入有效的電子郵件地址。
scene-tmp-00201	Rizia Completed	里齊亞 已完成
scene-tmp-00202	Julian-Constantin Nowak	朱利安-康斯坦丁·諾瓦克
scene-tmp-00203	Profile Details	個人資料詳情
scene-tmp-00205	Harufumi Sakasegawa	酒瀨川春文
scene-tmp-00206	Warning	警告
scene-tmp-00208	Topmak	托普馬克
scene-tmp-00209	Reset Password	重設密碼
scene-tmp-00210	Gundolf S. Freyermuth	岡多夫·S·弗雷爾穆斯
scene-tmp-00211	Last Login: Dec 4 2024	上次登入：2024年12月4日
scene-tmp-00212	Dec 24 2024	2024年12月24日
scene-tmp-00213	INR 1000000	1000000 印度盧比
scene-tmp-00214	Developed & Co-Published by 
Torpor Games	由 Torpor Games 開發並聯合發行
scene-tmp-00215	Adrien Farey	阿德里安·法雷
scene-tmp-00217	File Name:	檔案名稱：
scene-tmp-00218	Associate Producer	助理製作人
scene-tmp-00219	Loading...	載入中...
scene-tmp-00220	Story Selection - 28-11-2024 19-05-18	故事選擇 - 2024-11-28 19-05-18
scene-tmp-00221	Rizia	里齊亞
scene-tmp-00222	Torpor Mode Enabled	Torpor 模式已啟用
scene-tmp-00223	Tickets	票務
scene-tmp-00224	Window Mode	視窗模式
scene-tmp-00225	Nathan De Farias Lima	內森·德·法里亞斯·利馬
scene-tmp-00226	Sign up with Apple	使用 Apple 帳號註冊
scene-tmp-00227	Edit Username	編輯使用者名稱
scene-tmp-00228	Settings	設定
scene-tmp-00229	Saved on a different version	儲存於不同版本
scene-tmp-00231	Show Sordish Politicans	顯示 蘇德蘭人 政治人物
scene-tmp-00232	Panel Title	面板標題
scene-tmp-00233	Previous Token/Panel	上一個標記/面板
scene-tmp-00234	Permanently removes Ads from Sordland Story Pack & unlocks premium Save/Load	永久移除 蘇德蘭 劇情包中的廣告並解鎖進階儲存/讀取功能
scene-tmp-00235	Overview	結束檢視
scene-tmp-00236	Graphics	圖形
scene-tmp-00238	You can select a completed Sordland save to carry over your choices into the next story.	您可以選擇一個已完成的 蘇德蘭 存檔，將您的選擇延續到下一個故事中。
scene-tmp-00241	info value text text info dfddddddd	資訊數值文字文字資訊 dfddddddd
scene-tmp-00242	Achievements	成就
scene-tmp-00243	Play the Sordland Story Pack to unlock this item.	遊玩 蘇德蘭 劇情包以解鎖此項目。
scene-tmp-00245	Ministry of Propaganda and 
Society	部 宣傳與
社會
scene-tmp-00246	Sign up with Google	使用 Google 帳號註冊
scene-tmp-00247	SFX Volume	音效音量
scene-tmp-00248	Analytics Consent	分析同意
scene-tmp-00249	ROTATE	旋轉
scene-tmp-00250	Delete Analytics Data	刪除分析資料
scene-tmp-00251	Manual Save	手動存檔
scene-tmp-00252	Ministry of Design and
Quality Assurance	部設計與
品質保證
scene-tmp-00254	Torpor Mode Disabled	蟄伏模式已停用
scene-tmp-00255	1-Day Ticket	1日通行證
scene-tmp-00256	Delete	刪除
scene-tmp-00257	Marla Fitzsimmons	瑪拉·費茲西蒙斯
scene-tmp-00258	Zoom Out	縮小
scene-tmp-00259	Get full access to all story packs for 1 day, ad-free.	獲取1日完整故事包存取權，且無廣告。
scene-tmp-00261	Devastator	毀滅者
scene-tmp-00262	Jonathan Baker	喬納森·貝克
scene-tmp-00263	Restore Purchases	恢復購買
scene-tmp-00264	Between 1954-1958	1954年至1958年間
scene-tmp-00265	Main Story	主線故事
scene-tmp-00266	Erik Löfmark	埃里克·洛夫馬克
scene-tmp-00267	MALENYEVISM	馬列維主義
scene-tmp-00268	Ministry of Community Surveillance	部社區監控
scene-tmp-00269	Chris Wright	克里斯·萊特
scene-tmp-00270	Laurence Marie Gilbertz	勞倫斯·瑪麗·吉爾伯茨
scene-tmp-00273	Apply	套用
scene-tmp-00274	Dominic McMillan	多米尼克·麥克米蘭
scene-tmp-00275	Carousel Text	輪播文字
scene-tmp-00276	Güliz Dülgeroğlu Küpçü	居利茲·杜爾格奧盧·庫普丘
scene-tmp-00277	Des Gayle	德斯·蓋爾
scene-tmp-00278	Load Database	載入資料庫
scene-tmp-00279	Josh Hardy	喬什·哈迪
scene-tmp-00280	Andrea Lippi	安德烈·利皮
scene-tmp-00281	Finish 10 Actions	完成 10 項 法案
scene-tmp-00282	CHOOSE A PROFILE PICTURE	選擇頭像
scene-tmp-00283	Scout	偵察
scene-tmp-00284	Ashley Nicollette	阿什莉·尼科萊特
scene-tmp-00285	John Paul Velarde Jose	約翰·保羅·維拉爾德·何塞
scene-tmp-00286	(CONTRIBUTING MEMBERS)	（貢獻成員）
scene-tmp-00287	Accept	接受
scene-tmp-00288	Date:	日期：
scene-tmp-00289	Ministry of Writing and Design	部寫作與設計
scene-tmp-00290	Music Volume	音樂音量
scene-tmp-00291	- 20,000 HOS employees lost their jobs.
- More than 8000 people were arrested under charges for assisting Young Sords.
- Half a million women joined the workforce.
- 50,000 soldiers became unemployed.
- 238 people were killed.
- More than a million workers secured their rights under the new Workers Rights Act.
- Bludish crime decreased by 60%.
- Half a million women joined the workforce.
- 50,000 soldiers became unemployed.
- 238 people were killed.
- More than a million workers secured their rights under the new Workers Rights Act.
- Bludish crime decreased by 60%.	- 20,000 名 霍斯 員工失去了工作。
- 超過 8000 人因協助 青年蘇德蘭人 的指控而被捕。
- 五十萬名女性加入了勞動力市場。
- 50,000 名士兵失業。
- 238 人死亡。
- 超過一百萬名工人在新的勞工權利 法案 下保障了他們的權利。
- 布魯德人 犯罪率下降了 60%。
- 五十萬名女性加入了勞動力市場。
- 50,000 名士兵失業。
- 238 人死亡。
- 超過一百萬名工人在新的勞工權利 法案 下保障了他們的權利。
- 布魯德人 犯罪率下降了 60%。
scene-tmp-00292	ReyesEdward	雷耶斯·愛德華
scene-tmp-00293	History will remember you as a...	歷史將會銘記你是一位……
scene-tmp-00295	Brian Kelleher	布萊恩·凱萊赫
scene-tmp-00296	CHOOSE A POLITICAL AFFILIATION	選擇政治傾向
scene-tmp-00297	Lighting	光照
scene-tmp-00298	SOLLISM	索爾主義
scene-tmp-00299	Lennert Suykerbuyk	倫納特·蘇克布伊克
scene-tmp-00300	Locked	已鎖定
scene-tmp-00301	Return	返回
scene-tmp-00302	Mohammad Darwazeh	穆罕默德·達瓦澤
scene-tmp-00304	ACHIEVEMENTS:	成就：
scene-tmp-00305	1/2 Cloud Saves	1/2 雲端存檔
scene-tmp-00306	<size=19>(Press)</size> Hyperlinks	<size=19>（點擊）</size> 超連結
scene-tmp-00307	Continue with Google	使用 Google 繼續
scene-tmp-00308	E-Mail Address	電子郵件地址
scene-tmp-00309	Oscar Watson	奧斯卡·沃森
scene-tmp-00310	You are currently playing as a guest.
Login to use your Suzerain profile across devices.	您目前以訪客身份遊玩。
登入以在不同裝置間使用您的《Suzerain》個人檔案。
scene-tmp-00311	If the email is found, you will receive an email shortly.	若找到該電子郵件，您將很快收到一封郵件。
scene-tmp-00312	Paweł Majewski	帕維爾·馬耶夫斯基
scene-tmp-00313	Zoom In	放大