source	target	score	note
Permanently removes Ads from Sordland Story Pack & unlocks premium Save/Load	永久移除 蘇德蘭 故事包中的廣告並解鎖高級存檔/讀檔功能	11	coverage-first
The nationalist general who led a military coup and declared martial law in 1927.	這位民族主義將軍在 1927 年發動了軍事政變並宣佈戒嚴。	11	coverage-first
Are you sure you want to delete Torpor Games Account?
You will lose your game backups and any associated data.	您確定要刪除 Torpor Games 帳號嗎？
您將會遺失您的遊戲備份以及任何相關資料。	9	coverage-first
By using this service you agree to the Torpor Games
<link="https://www.torporgames.com/"><color=#D9D6D6><u>Terms of Service</color></u></link> and <link="https://www.torporgames.com/"><color=#D9D6D6><u>Privacy Policy</color></u></link>	使用此服務即表示您同意 Torpor Games 的
<link="https://www.torporgames.com/"><color=#D9D6D6><u>服務條款</color></u></link> 與 <link="https://www.torporgames.com/"><color=#D9D6D6><u>隱私權政策</color></u></link>	9	coverage-first
By using this service you agree to the Torpor Games
<link="https://www.torporgames.com/terms-of-service"><color=#D9D6D6><u>Terms of Service</color></u></link> and <link="https://www.torporgames.com/privacy-policy"><color=#D9D6D6><u>Privacy Policy</color></u></link>	使用本服務即代表您同意 Torpor Games 的
<link="https://www.torporgames.com/terms-of-service"><color=#D9D6D6><u>服務條款</color></u></link> 與 <link="https://www.torporgames.com/privacy-policy"><color=#D9D6D6><u>隱私權政策</color></u></link>	9	coverage-first
Data Collection

This game collects gameplay data through Torpor Games' analytics service, A/B testing and service providers. The information gathered will aid us in enhancing game balance for a better game experience. For further information see the Torpor Games Privacy Policy.	數據收集

本遊戲透過 Torpor Games 的分析服務、A/B 測試及服務供應商收集遊戲數據。所收集的資訊將協助我們改善遊戲平衡，以提供更好的遊戲體驗。欲了解更多資訊，請參閱 Torpor Games 隱私權政策。	9	coverage-first
Loading ad…	正在載入廣告…	8	coverage-first
Main Menu	主選單	8	coverage-first
Manual Save	手動存檔	8	coverage-first
Map Switch/Open Login Page	地圖切換/開啟登入頁面	8	coverage-first
New Save	新存檔	8	coverage-first
Open Codex Entry	開啟法典條目	8	coverage-first
Restore Defaults	恢復預設值	8	coverage-first
Restore Purchases	恢復購買	8	coverage-first
Settings	設定	8	coverage-first
Sync Achievements	同步成就	8	coverage-first
Torpor Account	Torpor 帳號	8	coverage-first
In the graph below, you can track the economy's growth over time and use the timeline filter to explore historical data.	在下方的圖表中，您可以追蹤經濟隨時間的成長，並使用時間軸篩選器來探索歷史數據。	6	coverage-first
Air supports for 1 turn
+{0} <sprite name="attack">
+{0} <sprite name="defence">
+{0} <sprite name="support">	空中支援 1 回合
+{0} <sprite name="attack">
+{0} <sprite name="defence">
+{0} <sprite name="support">	4	coverage-first
Fortify a unit 
Heal {0} <sprite name="organization"> per turn 
Add {1} <sprite name="defence"> defence	強化單位 
每回合恢復 {0} <sprite name="organization"> 
增加 {1} <sprite name="defence"> 防禦	4	coverage-first
Level up by earning XP to unlock rewards and story points. 

Gain XP through completing actions and achievements in the game.	透過獲得經驗值來升級，以解鎖獎勵和故事點數。

透過在遊戲中完成行動和成就來獲得經驗值。	4	coverage-first
The criteria for the allocation of public funds shall no longer be according to the number of votes won in the general election by a political party. The new criteria shall be the proportion of seats won by a political party in the Assembly. Political parties shall receive an annual amount of 500.000 ren per Member of Assembly.


(This results in a doubling of the USP election budget and a slight increase in the other parties in the Assembly while effectively removing all funding from parties that are below the 10% election threshold.)	公共資金的分配標準將不再根據政黨在大選中獲得的選票數量而定。新的標準將是政黨在議會中獲得的席位比例。政黨每位議會議員每年將獲得50萬倫的資金。


（這導致團結社會黨的選舉預算翻倍，議會中其他政黨的預算略有增加，同時有效地取消了所有低於10%選舉門檻的政黨的資金。）	4	coverage-first
The Crown orders the establishment of a state-of-the-art bomber jet factory in Jales, within Brenas province. Specializing in the production of advanced bombers, the facility will significantly enhance the Kingdom’s offensive air capabilities. These bombers are designed for precision strikes on both land and sea targets, ensuring strategic dominance in future operations.

This decree strengthens the Kingdom’s military power, focusing on long-range strike capabilities and operational flexibility.	王室 下令在 布雷納斯 省內的 賈萊斯 建立一座最先進的轟炸機工廠。該設施專門生產先進的轟炸機，將顯著增強 王國 的進攻性空中能力。這些轟炸機專為對陸地和海上目標進行精確打擊而設計，確保在未來的行動中佔據戰略優勢。

該法令加強了 王國 的軍事力量，重點在於遠程打擊能力和作戰靈活性。	4	coverage-first
The steady sounds of clip-clopping hooves pulling creaking carriages will be absent from the streets in Chicago starting next year after the City Council on Friday voted to ban horse-drawn carriages.


Under the ordinance, which is effective Jan. 1, 2021, operators will be unable to renew their licenses, and the city will stop issuing new ones.


The horse-drawn carriage industry has been shrinking for years. The city now has 10 carriage licenses that will expire at the end of the year, The Chicago Tribune reported. At one point, it had 60 licenses available, according to The Associated Press.	芝加哥市議會於週五投票通過禁止馬車行駛，自明年起，芝加哥街頭將不再有馬蹄敲擊路面與馬車嘎吱作響的聲音。


根據該條例，自2021年1月1日起生效，營運商將無法續簽執照，市政府也將停止核發新執照。


據《芝加哥論壇報》報導，馬車產業多年來一直在萎縮。目前該市僅剩10張馬車執照將於年底到期。據美聯社報導，該市曾一度提供60張執照。	4	coverage-first
You are currently playing as a guest.
Login to use your Suzerain profile across devices.	您目前以訪客身份進行遊戲。
登入以在不同裝置間使用您的《Suzerain》個人檔案。	4	coverage-first
You haven't finished the Main Story.
Starting a DLC Story will automatically generate a default save file for the main story. Are you sure you want to continue?	您尚未完成主線故事。
開始 DLC 故事將會自動為您的主線故事產生一個預設存檔。您確定要繼續嗎？	4	coverage-first
(Add to Trainining Queue)	（加入訓練佇列）	3	coverage-first
4th President of Sordland	第 4 蘇德蘭總統	3	coverage-first
Achievement Unlocked!	成就解鎖！	3	coverage-first
Action Points	法案點數	3	coverage-first
Air drop a paratrooper	空投傘兵	3	coverage-first
Air Strike	空襲	3	coverage-first
Air Support	空中支援	3	coverage-first
Ame Searle	艾姆·希爾	3	coverage-first
Analytics Consent	分析數據同意	3	coverage-first
Anett Jenichen	Anett 詹ichen	3	coverage-first
Anrica	安里卡	3	coverage-first
Anti-Aliasing	反鋸齒	3	coverage-first
Anton Rayne	安東·雷恩	3	coverage-first
Apply	應用	3	coverage-first
ARCASIAN CAPITALISM	阿卡西亞資本主義	3	coverage-first
AVAILABLE	可用	3	coverage-first
Ayan	阿揚	3	coverage-first
Battle Ships	戰艦	3	coverage-first
Between 1954-1958	1954-1958 年間	3	coverage-first
Brand Manager	品牌經理	3	coverage-first
Bundles	組合包	3	coverage-first
Business Manager	商務經理	3	coverage-first
Cabinet	內閣	3	coverage-first
Campaing Finance Bill	競選財務法案	3	coverage-first
Cancel	取消	3	coverage-first
Cancel Training	取消訓練	3	coverage-first
CAP REACHED	已達上限	3	coverage-first
CHANGES OVER TIME	隨時間的變化	3	coverage-first
Character Customization	角色自訂	3	coverage-first
Characters	角色	3	coverage-first
CHOOSE A PROFILE PICTURE	選擇頭像	3	coverage-first
Christopher Ferazzoli	克里斯多福·費拉佐利	3	coverage-first
code	代碼	3	coverage-first
Collections	收藏	3	coverage-first
